name_ar,email
د. حمزة زغير,Zughaierh@hebron.edu
د. أحمد أبو عواد,ahmadabuawwad@hebron.edu
د. حاتم حمدان,hatemh@hebron.edu
أ.د. أمجد الشطرات,shatarata@hebron.edu
د. عمرو عدوي,adawia@hebron.edu
د. راشد أبو عليا,rasheda@hebron.edu
د. رامي أبو صبيحة,1719@hebron.edu
أ. كاريمان طيطي,karimant@hebron.edu
أ. مينا عبوري,minao@hebron.edu
د. خلدون نجم,khaldoun@hebron.edu
أ. فراس فخري,firasf@hebron.edu
د. ياسر عيسى,yaseri@hebron.edu
د. علاء حساسنة,hasasneha@hebron.edu
د. إسراء أبو صبيح,israas@hebron.edu
د. بهجت عصافرة,bahjata@hebron.edu
سفيان عوض,sufyana@hebron.edu
عبد الكريم حداد,haddadk@hebron.edu
نسرين قواسمة,nisreemn@hebron.edu
إسحق الجعبري,ishaqj@hebron.edu
يوسف الحسني,yusefh@hebron.edu
